Image,Mask
2035.jpg,2035.png
1056.jpg,1056.png
45.jpg,45.png
3072.jpg,3072.png
3040.jpg,3040.png
3022.jpg,3022.png
1022.jpg,1022.png
3015.jpg,3015.png
9.jpg,9.png
2041.jpg,2041.png
3044.jpg,3044.png
1071.jpg,1071.png
33.jpg,33.png
1076.jpg,1076.png
1016.jpg,1016.png
2028.jpg,2028.png
46.jpg,46.png
5.jpg,5.png
1026.jpg,1026.png
1051.jpg,1051.png
3021.jpg,3021.png
1086.jpg,1086.png
1074.jpg,1074.png
2052.jpg,2052.png
2026.jpg,2026.png
1067.jpg,1067.png
1070.jpg,1070.png
3006.jpg,3006.png
2011.jpg,2011.png
1024.jpg,1024.png
42.jpg,42.png
2007.jpg,2007.png
1080.jpg,1080.png
3014.jpg,3014.png
1053.jpg,1053.png
3062.jpg,3062.png
1077.jpg,1077.png
3010.jpg,3010.png
3056.jpg,3056.png
2014.jpg,2014.png
3043.jpg,3043.png
2017.jpg,2017.png
1065.jpg,1065.png
3055.jpg,3055.png
3077.jpg,3077.png
30.jpg,30.png
22.jpg,22.png
24.jpg,24.png
1023.jpg,1023.png
3016.jpg,3016.png
3094.jpg,3094.png
2030.jpg,2030.png
17.jpg,17.png
1040.jpg,1040.png
1009.jpg,1009.png
3073.jpg,3073.png
3079.jpg,3079.png
3065.jpg,3065.png
6.jpg,6.png
1007.jpg,1007.png
1021.jpg,1021.png
1059.jpg,1059.png
2024.jpg,2024.png
25.jpg,25.png
3009.jpg,3009.png
3045.jpg,3045.png
2023.jpg,2023.png
19.jpg,19.png
3011.jpg,3011.png
2044.jpg,2044.png
15.jpg,15.png
10.jpg,10.png
2033.jpg,2033.png
2019.jpg,2019.png
1006.jpg,1006.png
37.jpg,37.png
16.jpg,16.png
1085.jpg,1085.png
3037.jpg,3037.png
1060.jpg,1060.png
2018.jpg,2018.png
1083.jpg,1083.png
3023.jpg,3023.png
3034.jpg,3034.png
3008.jpg,3008.png
1008.jpg,1008.png
3049.jpg,3049.png
18.jpg,18.png
1073.jpg,1073.png
2037.jpg,2037.png
1025.jpg,1025.png
2043.jpg,2043.png
2048.jpg,2048.png
3005.jpg,3005.png
1010.jpg,1010.png
2006.jpg,2006.png
3081.jpg,3081.png
1030.jpg,1030.png
38.jpg,38.png
3075.jpg,3075.png
3067.jpg,3067.png
2008.jpg,2008.png
3013.jpg,3013.png
3051.jpg,3051.png
3054.jpg,3054.png
3091.jpg,3091.png
1011.jpg,1011.png
31.jpg,31.png
1066.jpg,1066.png
2029.jpg,2029.png
1004.jpg,1004.png
3074.jpg,3074.png
1027.jpg,1027.png
1061.jpg,1061.png
2047.jpg,2047.png
3069.jpg,3069.png
3029.jpg,3029.png
3092.jpg,3092.png
3064.jpg,3064.png
3076.jpg,3076.png
2020.jpg,2020.png
1034.jpg,1034.png
2.jpg,2.png
3001.jpg,3001.png
2027.jpg,2027.png
3012.jpg,3012.png
1046.jpg,1046.png
3061.jpg,3061.png
3083.jpg,3083.png
3017.jpg,3017.png
3090.jpg,3090.png
1044.jpg,1044.png
3024.jpg,3024.png
2025.jpg,2025.png
29.jpg,29.png
1045.jpg,1045.png
1020.jpg,1020.png
3004.jpg,3004.png
3036.jpg,3036.png
3041.jpg,3041.png
1029.jpg,1029.png
3070.jpg,3070.png
1079.jpg,1079.png
2016.jpg,2016.png
3078.jpg,3078.png
2036.jpg,2036.png
3093.jpg,3093.png
12.jpg,12.png
35.jpg,35.png
28.jpg,28.png
3039.jpg,3039.png
1038.jpg,1038.png
1031.jpg,1031.png
3052.jpg,3052.png
2002.jpg,2002.png
2046.jpg,2046.png
1072.jpg,1072.png
1001.jpg,1001.png
41.jpg,41.png
1048.jpg,1048.png
3097.jpg,3097.png
3033.jpg,3033.png
26.jpg,26.png
1081.jpg,1081.png
3038.jpg,3038.png
3080.jpg,3080.png
0.jpg,0.png
1058.jpg,1058.png
2051.jpg,2051.png
1037.jpg,1037.png
1032.jpg,1032.png
2049.jpg,2049.png
36.jpg,36.png
2012.jpg,2012.png
3047.jpg,3047.png
1014.jpg,1014.png
3082.jpg,3082.png
1019.jpg,1019.png
11.jpg,11.png
1084.jpg,1084.png
1057.jpg,1057.png
27.jpg,27.png
1000.jpg,1000.png
4.jpg,4.png
3019.jpg,3019.png
32.jpg,32.png
1002.jpg,1002.png
3059.jpg,3059.png
3089.jpg,3089.png
1035.jpg,1035.png
3035.jpg,3035.png
2013.jpg,2013.png
3032.jpg,3032.png
3025.jpg,3025.png
1078.jpg,1078.png
1049.jpg,1049.png
2021.jpg,2021.png
1054.jpg,1054.png
2015.jpg,2015.png
44.jpg,44.png
1013.jpg,1013.png
3053.jpg,3053.png
40.jpg,40.png
3020.jpg,3020.png
1042.jpg,1042.png
3050.jpg,3050.png
23.jpg,23.png
1069.jpg,1069.png
1043.jpg,1043.png
2032.jpg,2032.png
1005.jpg,1005.png
39.jpg,39.png
1017.jpg,1017.png
1036.jpg,1036.png
3096.jpg,3096.png
14.jpg,14.png
47.jpg,47.png
2045.jpg,2045.png
1052.jpg,1052.png
1063.jpg,1063.png
3098.jpg,3098.png
3058.jpg,3058.png
43.jpg,43.png
1015.jpg,1015.png
3042.jpg,3042.png
3087.jpg,3087.png
1018.jpg,1018.png
1028.jpg,1028.png
3.jpg,3.png
3002.jpg,3002.png
2004.jpg,2004.png
3030.jpg,3030.png
