Image,Mask
1030.jpg,1030.png
1031.jpg,1031.png
1032.jpg,1032.png
1033.jpg,1033.png
1034.jpg,1034.png
1035.jpg,1035.png
1036.jpg,1036.png
1037.jpg,1037.png
1038.jpg,1038.png
1039.jpg,1039.png
1040.jpg,1040.png
1041.jpg,1041.png
1042.jpg,1042.png
1043.jpg,1043.png
1044.jpg,1044.png
1045.jpg,1045.png
1046.jpg,1046.png
1047.jpg,1047.png
1048.jpg,1048.png
1049.jpg,1049.png
1050.jpg,1050.png
1051.jpg,1051.png
1052.jpg,1052.png
1053.jpg,1053.png
1054.jpg,1054.png
1055.jpg,1055.png
1056.jpg,1056.png
1057.jpg,1057.png
1058.jpg,1058.png
1059.jpg,1059.png
1060.jpg,1060.png
1061.jpg,1061.png
1062.jpg,1062.png
1063.jpg,1063.png
1064.jpg,1064.png
1065.jpg,1065.png
1066.jpg,1066.png
1067.jpg,1067.png
1068.jpg,1068.png
1069.jpg,1069.png
1070.jpg,1070.png
1071.jpg,1071.png
1072.jpg,1072.png
1073.jpg,1073.png
1074.jpg,1074.png
1075.jpg,1075.png
1076.jpg,1076.png
1077.jpg,1077.png
1078.jpg,1078.png
1079.jpg,1079.png
1080.jpg,1080.png
1081.jpg,1081.png
1082.jpg,1082.png
1083.jpg,1083.png
1084.jpg,1084.png
1085.jpg,1085.png
1086.jpg,1086.png
1087.jpg,1087.png
